﻿pos_x,pos_y,rotation,side,designator,mpn,pack,footprint,value,mount_type
161.36,-80.84,0.0,top,A1,,,Arduino_Nano,Arduino_Nano_v3.x,tht
191.0,-94.0274,-90.0,top,C1,,,CP_Radial_D4.0mm_P2.00mm,470uF,tht
142.26,-114.8,0.0,top,D1,,,LED_D5.0mm,LED,tht
195.8,-114.8,180.0,top,D2,,,LED_D5.0mm,LED,tht
196.2,-92.26,0.0,top,J1,,,PinHeader_1x03_P2.54mm_Vertical,Conn_01x03_Pin,tht
142.2,-101.52,0.0,top,J3,,,PinHeader_1x03_P2.54mm_Vertical,Conn_01x03_Pin,tht
165.17,-72.8,90.0,top,J4,,,PinHeader_1x04_P2.54mm_Vertical,Conn_01x04_Pin,tht
152.8,-114.8,180.0,top,R1,,,R_Axial_DIN0207_L6.3mm_D2.5mm_P2.54mm_Vertical,220,tht
185.06,-114.8,0.0,top,R2,,,R_Axial_DIN0207_L6.3mm_D2.5mm_P2.54mm_Vertical,220,tht
148.8,-81.8,0.0,top,U1,,,MPU6050,~,tht
