﻿Designator,Quantity,Value,Footprint,Package,MPN,DNP,Mount_Type,Description
A1,1,Arduino_Nano_v3.x,Arduino_Nano,,,,tht,Arduino Nano v3.x
C1,1,470uF,CP_Radial_D4.0mm_P2.00mm,,,,tht,Unpolarized capacitor
"D1, D2",2,LED,LED_D5.0mm,,,,tht,Light emitting diode
"J1, J3",2,Conn_01x03_Pin,PinHeader_1x03_P2.54mm_Vertical,,,,tht,"Generic connector, single row, 01x03, script generated"
J4,1,Conn_01x04_Pin,PinHeader_1x04_P2.54mm_Vertical,,,,tht,"Generic connector, single row, 01x04, script generated"
"R1, R2",2,220,R_Axial_DIN0207_L6.3mm_D2.5mm_P2.54mm_Vertical,,,,tht,Resistor
U1,1,~,MPU6050,,,,tht,
